,header,hsp_score,query_coverage,E_value,max_identity
0,RS-GCF-016900015.1-NZ-JACJJM010000071.1,276,88.15165876777252,5.317715253145484e-78,87.1
5,RS-GCF-002159615.1-NZ-NFJA01000192.1,245,79.85781990521326,1.1374923387905597e-68,86.35
47,MJ030-2-barcode66-umi23417bins-ubs-28,228,74.64454976303317,1.462563167754492e-63,86.35
48,MJ030-2-barcode66-umi103350bins-ubs-4,227,78.19905213270142,2.921213123020009e-63,84.55
10,G000312445,225,85.30805687203792,1.1888339541506747e-62,81.39
