,header,hsp_score,query_coverage,E_value,max_identity
30,MJ006-2-barcode58-umi107490bins-ubs-4,422,100.0,5.599007495525919e-122,99.76
2,RS-GCF-902387545.1-NZ-LR699004.1,416,100.0,3.810286297859921e-120,99.05
1,RS-GCF-016888505.1-NZ-JAFEKH010000002.1--3,416,100.0,3.812779940725013e-120,99.05
28,RS-GCF-013293875.1-NZ-JAAKAY010000136.1,406,100.0,3.809807518429824e-117,98.1
20,MJ006-2-barcode56-umi119354bins-ubs-3,388,100.0,1.0013957107496357e-111,95.97
