,header,hsp_score,query_coverage,E_value,max_identity
33,MJ006-1-barcode30-umi123205bins-ubs-5,388,100.0,9.437336722058242e-112,98.26
0,GB-GCA-905208235.1-CAJLOF010000165.1,387,96.26865671641791,1.9231761860626795e-111,100.0
24,MJ006-2-barcode60-umi50108bins-ubs-7,386,100.0,3.777485320369799e-111,98.01
19,MJ005-barcode58-umi75824bins-ubs-3,366,100.24875621890547,3.960980447292082e-105,95.53
25,MJ006-2-barcode66-umi101378bins-ubs-5,350,100.24875621890547,2.595868145937339e-100,93.55
