,header,hsp_score,query_coverage,E_value,max_identity
22,MJ006-1-barcode34-umi111095bins-ubs-4,402,100.0,5.7639851690213e-116,100.0
38,MJ006-2-barcode53-umi122690bins-ubs-4,402,100.0,5.760093214146876e-116,100.0
32,MJ006-1-barcode28-umi104405bins-ubs-4,402,100.0,5.760093214146876e-116,100.0
36,MJ006-2-barcode53-umi103497bins-ubs-5,402,100.0,5.760093214146876e-116,100.0
37,MJ006-2-barcode53-umi111043bins-ubs-4,402,100.0,5.760093214146876e-116,100.0
