,header,hsp_score,query_coverage,E_value,max_identity
36,MJ006-1-barcode28-umi104405bins-ubs-4,402,100.0,5.760093214146876e-116,37.06
5,RS-GCF-003434135.1-NZ-QVFB01000003.1,402,100.0,5.869067950630736e-116,37.06
45,MJ006-2-barcode66-umi102879bins-ubs-5,402,100.0,5.760093214146876e-116,37.06
26,MJ006-1-barcode34-umi111095bins-ubs-4,402,100.0,5.7639851690213e-116,37.06
42,MJ006-2-barcode53-umi122690bins-ubs-4,402,100.0,5.760093214146876e-116,37.06
41,MJ006-2-barcode53-umi111043bins-ubs-4,402,100.0,5.760093214146876e-116,37.06
40,MJ006-2-barcode53-umi103497bins-ubs-5,402,100.0,5.760093214146876e-116,37.06
1,RS-GCF-003287405.1-NZ-PRLD01000048.1,402,100.0,5.869067950630736e-116,37.06
