,header,hsp_score,query_coverage,E_value,max_identity
1,RS-GCF-016888505.1-NZ-JAFEKH010000002.1--3,416,100.0,3.812779940725013e-120,99.05
28,RS-GCF-013293875.1-NZ-JAAKAY010000136.1,406,100.0,3.809807518429824e-117,98.1
20,MJ006-2-barcode56-umi119354bins-ubs-3,388,100.0,1.0013957107496357e-111,95.97
19,MJ006-2-barcode56-umi117754bins-ubs-4,384,100.0,1.602233137199417e-110,95.5
21,MJ030-1-barcode27-umi100044bins-ubs-4,382,100.0,6.408932548797669e-110,95.26
27,MJ030-2-barcode67-umi95193bins-ubs-4,380,100.0,2.5601457828619564e-109,95.02
25,MJ030-2-barcode67-umi81336bins-ubs-6,378,100.0,1.025429207807627e-108,94.79
17,MJ030-1-barcode27-umi104992bins-ubs-3,378,100.0,1.0261146551390492e-108,94.79
